idsbr,Query,Actual Place Name,Category,Rating,Address,Phone Number,Website,Latitude,Longitude,Status,Open Status,Operation Hours,Place,Validasi
16758772,"Sentral Baja Indonesia, JL. Greges Jaya II No. 8 Blok C-9, Kota Surabaya, Provinsi Jawa Timur",Sentral Baja Indonesia,Steel construction company,"4,9"," Ruko Plaza Segi 8, Jl. Raya Darmo Permai III No.862 Blok C, Sonokwijenan, Sukomanunggal, Surabaya, East Java 60226",Gagal,Gagal,-7.2758043,112.6949126,Aktif,· Buka pukul 08.00,Gagal,"Sentral Baja Indonesia, JL. Greges Jaya II No. 8 Blok C-9, Kota Surabaya, Provinsi Jawa Timur",Ditemukan
16758773,"Somawi Surya Semesta, JL SOPONYONO PRAPEN MASJID",DISTRIBUTOR APAR SNI SERVVO - SURABAYA,Pemasok Sistem Perlindungan Kebakaran,"5,0",· Taman Jemursari Selatan I No.6A,0822-3337-6852,Gagal,-7.3270394,112.7381974,Tutup,· Tutup pukul 18.00,· Taman Jemursari Selatan I No.6A · Taman Jemursari Selatan I No.6A,"Somawi Surya Semesta, JL SOPONYONO PRAPEN MASJID",Ditemukan
16758773,"Somawi Surya Semesta, JL SOPONYONO PRAPEN MASJID",Servvo Surabaya,Pemasok peralatan keselamatan,"5,0","· Rukan Rungkut Megah Raya Q8, Jl. Raya Kedung Baruk Q No.8",0813-3501-0901,Gagal,-7.3094417,112.7718609,Aktif,Segera buka · 08.00,Segera buka · 08.00 · Segera buka · 08.00,"Somawi Surya Semesta, JL SOPONYONO PRAPEN MASJID",Tidak Ditemukan
16808041,"JAYA MAS MANDIRI PLUS, PT, Jl. Margomulyo Industri 44 Hh 19 ,",PT Jaya Mas Mandiri Plus,Kantor Perusahaan,"4,4"," Jl. Pakal No.124, Pakal, Kec. Pakal, Surabaya, Jawa Timur 60196",Gagal,http://www.jplus.co.id/,-7.236064,112.6143801,Aktif,Gagal,Gagal,"JAYA MAS MANDIRI PLUS, PT, Jl. Margomulyo Industri 44 Hh 19 ,",Ditemukan
2747069,"JAYA PUTRA MULTIGUNA, Komplek Pertokoan Mangga Dua Blok B-8 No. 3 Jl. Jagir Wonokromo No. 100",PT. Jaya Putra Multiguna,Kontraktor Umum,"5,0"," Ruko Mangga Dua, Jl. Jagir Wonokromo No.3 Blok B8, Jagir, Kec. Wonokromo, Surabaya, Jawa Timur 60244",Gagal,https://www.jayaputramultiguna.id/,-7.3038573,112.7414082,Aktif,· 08.00,Gagal,"JAYA PUTRA MULTIGUNA, Komplek Pertokoan Mangga Dua Blok B-8 No. 3 Jl. Jagir Wonokromo No. 100",Ditemukan
2896446,"CHANDRA INDO GARMEN, TUNJUNGAN PLAZA IV RUANG UNIT 2.16-2.17 JL EMBONG MALANG",Tunjungan Plaza 6,Pusat Perbelanjaan,"4,8",· Jl. Embong Malang No.32-36,(031) 5311088,Gagal,-7.2623705,112.7384407,Aktif,Tutup,Tutup · Buka pukul 10.00 · Tutup · Buka pukul 10.00,"CHANDRA INDO GARMEN, TUNJUNGAN PLAZA IV RUANG UNIT 2.16-2.17 JL EMBONG MALANG",Ditemukan
2896446,"CHANDRA INDO GARMEN, TUNJUNGAN PLAZA IV RUANG UNIT 2.16-2.17 JL EMBONG MALANG",Chandra Indo Garmen PT,Pedagang tekstil,"3,8","· Jl. Kenjeran No.134, RW.06",(031) 3736255,Gagal,-7.243701,112.76202,Aktif,Tutup,Tutup · Buka pukul 09.00 · Tutup · Buka pukul 09.00,"CHANDRA INDO GARMEN, TUNJUNGAN PLAZA IV RUANG UNIT 2.16-2.17 JL EMBONG MALANG",Tidak Ditemukan
2896446,"CHANDRA INDO GARMEN, TUNJUNGAN PLAZA IV RUANG UNIT 2.16-2.17 JL EMBONG MALANG",Tunjungan Plaza 4,Pusat Perbelanjaan,"4,8",· Jl. Basuki Rahmat No.8012,Gagal,Gagal,-7.2617114,112.7391075,Aktif,Tutup,Tutup · Buka pukul 10.00 · Tutup · Buka pukul 10.00,"CHANDRA INDO GARMEN, TUNJUNGAN PLAZA IV RUANG UNIT 2.16-2.17 JL EMBONG MALANG",Tidak Ditemukan
2896446,"CHANDRA INDO GARMEN, TUNJUNGAN PLAZA IV RUANG UNIT 2.16-2.17 JL EMBONG MALANG",Tunjungan Plaza,Pusat Perbelanjaan,"4,7","· Tunjungan plaza, Jl. Jenderal Basuki Rachmat No.8-12 lantai 5",(031) 5311088,Gagal,-7.2631711,112.7400711,Aktif,Tutup,Tutup · Buka pukul 10.00 · Tutup · Buka pukul 10.00,"CHANDRA INDO GARMEN, TUNJUNGAN PLAZA IV RUANG UNIT 2.16-2.17 JL EMBONG MALANG",Tidak Ditemukan
2896446,"CHANDRA INDO GARMEN, TUNJUNGAN PLAZA IV RUANG UNIT 2.16-2.17 JL EMBONG MALANG",PT Kosmetika Global Indonesia (PT KOSME),Produsen produk kosmetik,"4,6",· Jl. Rungkut Industri III No.9,(031) 99860099,Gagal,-7.3349842,112.7517284,Aktif,Segera buka · 08.00,Segera buka · 08.00 · Segera buka · 08.00,"CHANDRA INDO GARMEN, TUNJUNGAN PLAZA IV RUANG UNIT 2.16-2.17 JL EMBONG MALANG",Tidak Ditemukan
2915160,"MAN ENERGY SOLUTIONS INDONESIA, JL MARGOMULYO 44",Everllence Indonesia (Formerly MAN ES Indonesia),Kantor Perusahaan,"4,4"," Jl. Pergudangan Suri Mulia No.44 Kav. E-15, Greges, Asem Rowo, Surabaya, East Java 60182",Gagal,https://www.everllence.com/,-7.2366995,112.6849024,Aktif,· Buka pukul 08.30,Gagal,"MAN ENERGY SOLUTIONS INDONESIA, JL MARGOMULYO 44",Ditemukan
4385768,"NIFANG ELEKTRIK, JL. MARGOMULYO PERMAI",Nifang Elektrik (Cable Tray/Cable Ladder),Toko Alat Listrik,"4,2"," Jl. Pergudangan Margomulyo Permai No.M1-2, Greges, Kec. Asem Rowo, Surabaya, Jawa Timur 60183",Gagal,https://nifangelektrik.wordpress.com/,-7.2479096,112.6869193,Aktif,· Buka pukul 08.00,Gagal,"NIFANG ELEKTRIK, JL. MARGOMULYO PERMAI",Ditemukan
4390881,"TUJU KUDA HITAM SAKTI, JL MULYOREJO",PT. Tujuh kuda hitam sakti,Tidak ada ulasan,Gagal,· Jl. Mulyorejo No.146,(031) 5950847,Gagal,-7.2635899,112.7834354,Aktif,Segera buka · 08.00,Segera buka · 08.00 · Segera buka · 08.00,"TUJU KUDA HITAM SAKTI, JL MULYOREJO",Ditemukan
4390881,"TUJU KUDA HITAM SAKTI, JL MULYOREJO",PT. Tuju Kuda Hitam Sakti,Perancang Acara,"4,1",· Jl. Raya Mojotengah No.Km 2,(031) 7915173,Gagal,-7.3057663,112.5647507,Aktif,Segera buka · 08.00,Segera buka · 08.00 · Segera buka · 08.00,"TUJU KUDA HITAM SAKTI, JL MULYOREJO",Tidak Ditemukan
4451584,"RAGAM CITRA HARMONI, PT, SUTOREJO TENGAH 14 NO 55-61",PT Ragam Citra Harmoni,Kantor Perusahaan,"4,5"," Jl. Sutorejo Tengah XIV No.55, Dukuh Sutorejo, Kec. Mulyorejo, Surabaya, Jawa Timur 60113",Gagal,http://www.rch-sound.com/www.jicspeaker.com,-7.2646355,112.7875181,Aktif,· 08.00,Gagal,"RAGAM CITRA HARMONI, PT, SUTOREJO TENGAH 14 NO 55-61",Ditemukan
6197733,"MULTI REKAT, Jl. Margomulyo 51A Kav. 15",CV Multi Rekat,Grosir bahan kimia,Gagal," Jl. Pergudangan Margomulyo Permai AD17, Greges, Kec. Asem Rowo, Surabaya, Jawa Timur 60183",Gagal,https://www.multirekat.com/,-7.2435973,112.6865588,Aktif,· Tutup pukul 16.00,Gagal,"MULTI REKAT, Jl. Margomulyo 51A Kav. 15",Ditemukan
6197832,"HARMONI CAHAYA ELEKTRIK, Jl. Dumar Industri Blok A No 3",Harmoni Cahaya Elektrik,Toko Alat Listrik,"5,0"," Jl. Dumar Industri No.44, Greges, Kec. Asem Rowo, Surabaya, Jawa Timur 60183",Gagal,Gagal,-7.2436225,112.6910313,Aktif,Gagal,Gagal,"HARMONI CAHAYA ELEKTRIK, Jl. Dumar Industri Blok A No 3",Ditemukan
6198051,"BABA PRIMA MANUFACTURING, PT, Jl. Kenjeran No.411",Baba Prima Manufacturing. PT,Produsen,"4,4"," Jl. Kenjeran No.411, Gading, Kec. Tambaksari, Surabaya, Jawa Timur 60134",Gagal,Gagal,-7.2476008,112.774893,Aktif,Gagal,Gagal,"BABA PRIMA MANUFACTURING, PT, Jl. Kenjeran No.411",Ditemukan
6198311,"JAYA METAL SURABAYA, Jl. Margomulyo 66-F No. Kav 2",PT. Jaya Metal Surabaya,Pabrik Logam,"4,8"," Jl. Margomulyo.66F Kav.2, RT.001, RT.001/RW.01, Greges, Asem Rowo, Surabaya, East Java 60183",Gagal,http://www.ptjayametal.com/,-7.2336353,112.682064,Aktif,· Buka pukul 08.00,Gagal,"JAYA METAL SURABAYA, Jl. Margomulyo 66-F No. Kav 2",Ditemukan
6198369,"DYNASTY MAS PRIMA, Jl. Kenjeran No. 627",PT. Dynasty Mas Prima,Ahli Perhiasan,"3,7"," Jl. Kenjeran No.627, Kalijudan, Kec. Mulyorejo, Surabaya, Jawa Timur 60114",Gagal,http://www.dynastymasprima.com/,-7.250612,112.7869688,Aktif,· Buka pukul 09.00,Gagal,"DYNASTY MAS PRIMA, Jl. Kenjeran No. 627",Ditemukan
6199456,"BUMIMAS MULTIKARYA PERKASA, Tambak Langon Indah I/37 Blok B-20",PT BUMIMAS MULTIKARYA PERKASA,Pabrikan pintu,"4,8"," TAMBAK LANGON INDAH 1 /37 PERGUDANGAN MUTIARA TAMBAK LANGON B20, Surabaya, Jawa Timur 60184",Gagal,https://www.bmphome.com/,-7.2302011,112.6606733,Aktif,· Buka pukul 09.00,Gagal,"BUMIMAS MULTIKARYA PERKASA, Tambak Langon Indah I/37 Blok B-20",Ditemukan
6199520,"CITRASAMINDO RAYA, Jl. Prapen Indah F 7",Citra Samindo Raya. PT,Gagal,"5,0"," MQM5+GV6, Prapen, Kec. Tenggilis Mejoyo, Surabaya, Jawa Timur 60299",Gagal,https://www.citrasamindoraya.com/contact,-7.3162055,112.7570567,Aktif,Gagal,Gagal,"CITRASAMINDO RAYA, Jl. Prapen Indah F 7",Ditemukan
6200437,"ANUGERAH INDAH ABADI, Tambak Langon 8",CV. Anugerah Indah Abadi,Kelas pengerjaan kayu,"4,7"," Jl. Tambak Langon No.8, Tambak Langon, Kec. Asem Rowo, Surabaya, Jawa Timur 60184",Gagal,http://aiafloor.co.id/,-7.2282073,112.6727172,Aktif,· Buka pukul 08.00,Gagal,"ANUGERAH INDAH ABADI, Tambak Langon 8",Ditemukan
6201261,"RAFKO GAP, Jl. Margomulyo 44/L-12-A",Rafkogap,Tidak ada ulasan,Gagal,"· Jl. Pergudangan Suri Mulia Blk. 12A Blok L-12 No.44 Blok L, RT.000/RW.00",Gagal,Gagal,-7.2410701,112.6921848,Aktif,Gagal,Gagal,"RAFKO GAP, Jl. Margomulyo 44/L-12-A",Ditemukan
6201335,"KARYA SENI INDONESIA, PT, Jl. Margomulyo Permai Blok Ah No. 35",PT KARYA SENI INDONESIA,Gudang,Gagal," Jl. Pergudangan Margomulyo Permai No.35 Blok AH, Asem Rowo, Surabaya, East Java 60183",Gagal,Gagal,-7.2467831,112.6903266,Aktif,· Buka pukul 08.00,Gagal,"KARYA SENI INDONESIA, PT, Jl. Margomulyo Permai Blok Ah No. 35",Ditemukan
6206740,"ALIMY, Jl. Kedondong No. 22",PT. Alimy,Toko Minuman Keras,"5,0"," Jl. Kedondong No.22, RW.06, Tegalsari, Kec. Tegalsari, Surabaya, Jawa Timur 60262",Gagal,Gagal,-7.2721545,112.7361973,Aktif,· Buka pukul 10.00,Gagal,"ALIMY, Jl. Kedondong No. 22",Ditemukan
6206808,"BERKAT KHARISMA SEJAHTERA, Jl. Tenggilis Mejoyo Selatan 1 No.4",Berkat Kharisma Lestari,Toko Mainan,"3,7",· Jl. Tenggilis Mejoyo Selatan I No.5,(031) 8420010,Gagal,-7.3215436,112.7613459,Aktif,Gagal,Gagal,"BERKAT KHARISMA SEJAHTERA, Jl. Tenggilis Mejoyo Selatan 1 No.4",Ditemukan
6206808,"BERKAT KHARISMA SEJAHTERA, Jl. Tenggilis Mejoyo Selatan 1 No.4",Berkat Kharisma Lestari,Gudang,"5,0",· Jl. Tenggilis Mejoyo Selatan VII No.21,Gagal,Gagal,-7.3233744,112.7595942,Aktif,Tutup,Tutup · Buka pukul 08.00 · Tutup · Buka pukul 08.00,"BERKAT KHARISMA SEJAHTERA, Jl. Tenggilis Mejoyo Selatan 1 No.4",Tidak Ditemukan
6206824,"HARVEST, UD, Jl. Sarono.Jiwo 3 No.37",Harvest Link,Pembangunan Perumahan,"4,8",· Jl. Kebraon V,0823-3788-8850,Gagal,-7.3330115,112.7016331,Aktif,Tutup,Tutup · Buka pukul 09.00 · Tutup · Buka pukul 09.00,"HARVEST, UD, Jl. Sarono.Jiwo 3 No.37",Ditemukan
6206824,"HARVEST, UD, Jl. Sarono.Jiwo 3 No.37",Harvest Agency,Agen Asuransi,"4,5",· Jl. Raya Jemursari No.76/C15,(031) 8415519,Gagal,-7.3236507,112.7431845,Aktif,Tutup,Tutup · Buka pukul 08.30 · Tutup · Buka pukul 08.30,"HARVEST, UD, Jl. Sarono.Jiwo 3 No.37",Tidak Ditemukan
6206824,"HARVEST, UD, Jl. Sarono.Jiwo 3 No.37",The Harvest Cakes - Dharmahusada,Toko Kue,"4,6","· Jl. Wisma Permai Barat Raya Blok QQ No.3, RT.1/RW.7",(031) 1500581,Gagal,-7.2722908,112.7821872,Aktif,Tutup,Tutup · Buka pukul 08.00 · Tutup · Buka pukul 08.00,"HARVEST, UD, Jl. Sarono.Jiwo 3 No.37",Tidak Ditemukan
6206824,"HARVEST, UD, Jl. Sarono.Jiwo 3 No.37",The Harvest Patissier & Chocolatier - Bengawan,Toko Kue,"4,6",· Jl. Bengawan No.39,(021) 1500581,Gagal,-7.2901214,112.7377761,Aktif,Tutup,Tutup · Buka pukul 08.00 · Tutup · Buka pukul 08.00,"HARVEST, UD, Jl. Sarono.Jiwo 3 No.37",Tidak Ditemukan
6206824,"HARVEST, UD, Jl. Sarono.Jiwo 3 No.37",Harvest Printing Tenggilis,Percetakan Komersial,"4,3","· BLOk GG ,ak (Belakang Gedung BK3S sebelah Chico Supermarket, Jl. Tenggilis Timur VII No.6",0878-5600-2207,Gagal,-7.3213025,112.7541014,Aktif,Tutup,Tutup · Buka pukul 09.00 · Tutup · Buka pukul 09.00,"HARVEST, UD, Jl. Sarono.Jiwo 3 No.37",Tidak Ditemukan
6206970,"INDOPRINT ABADI, Jl. Tenggilis Timur Viii/1C",Print Surabaya,Layanan cetak digital,"4,9",· Jl. Raya Mulyosari No.233,0813-8644-3080,Gagal,-7.2737749,112.7979133,Tutup,· Tutup pukul 23.00,Buka · Tutup pukul 23.00 · Buka · Tutup pukul 23.00,"INDOPRINT ABADI, Jl. Tenggilis Timur Viii/1C",Ditemukan
6206970,"INDOPRINT ABADI, Jl. Tenggilis Timur Viii/1C",PT. Sinar Murni Indoprinting,Toko Percetakan,"4,0","· Jalan Sedati 37, Gedangan",(031) 8910122,Gagal,-7.386886,112.732815,Aktif,Tutup,Tutup · Buka pukul 08.00 · Tutup · Buka pukul 08.00,"INDOPRINT ABADI, Jl. Tenggilis Timur Viii/1C",Tidak Ditemukan
6206970,"INDOPRINT ABADI, Jl. Tenggilis Timur Viii/1C",Cv Indo Sejahtera Abadi,Gagal,"4,3","MQPP+P64, Jl. Raya Kendalsari",Gagal,Gagal,-7.3132299,112.7855635,Aktif,Gagal,Gagal,"INDOPRINT ABADI, Jl. Tenggilis Timur Viii/1C",Tidak Ditemukan
6206970,"INDOPRINT ABADI, Jl. Tenggilis Timur Viii/1C","Cetak Kalender 2026, Brosur kilat, Cetak Yasin tahlil - Percetakan Goprint",Percetakan Komersial,"4,7",· Jl. Tenggilis Mulya No.111,0896-1869-7776,Gagal,-7.321149,112.7579882,Aktif,Tutup,Tutup · Buka pukul 09.00 · Tutup · Buka pukul 09.00,"INDOPRINT ABADI, Jl. Tenggilis Timur Viii/1C",Tidak Ditemukan
6206970,"INDOPRINT ABADI, Jl. Tenggilis Timur Viii/1C",TAKAHI OFFICE,Perusahaan Farmasi,"5,0",· Jl. Raya Bibis No.5 7A,(031) 7413447,Gagal,-7.2585311,112.6771044,Aktif,Tutup,Tutup · Buka pukul 08.00 · Tutup · Buka pukul 08.00,"INDOPRINT ABADI, Jl. Tenggilis Timur Viii/1C",Tidak Ditemukan
6207266,"VICTORY INDAH PERKASA, Jl. Kyai Tambak Deres 292",Victory International Futures - PAKUWON TOWER,Kantor Perusahaan,"4,8",· Jl. Embong Malang No.21,Gagal,Gagal,-7.2611119,112.738418,Aktif,Tutup,Tutup · Buka pukul 09.00 · Tutup · Buka pukul 09.00,"VICTORY INDAH PERKASA, Jl. Kyai Tambak Deres 292",Ditemukan
6207266,"VICTORY INDAH PERKASA, Jl. Kyai Tambak Deres 292",PT Victory International Futures,Kantor Perusahaan,"4,4","· Mas Building, Jl. Diponegoro No.153 Lantai 1",(031) 5671200,Gagal,-7.283369,112.7323922,Tutup,· Tutup pukul 17.00,Buka · Tutup pukul 17.00 · Buka · Tutup pukul 17.00,"VICTORY INDAH PERKASA, Jl. Kyai Tambak Deres 292",Tidak Ditemukan
6207266,"VICTORY INDAH PERKASA, Jl. Kyai Tambak Deres 292",Victory International Futures Pusat,Broker keuangan,"4,9","· Pakuwon Center Superblock Tunjungan City Office Building Lt. 15 Unit 5-7 Jl. Embong Malang. 1, 3, 5",0811-3707-799,Gagal,-7.261807,112.739277,Aktif,Tutup,Tutup · Buka pukul 09.00 · Tutup · Buka pukul 09.00,"VICTORY INDAH PERKASA, Jl. Kyai Tambak Deres 292",Tidak Ditemukan
6207266,"VICTORY INDAH PERKASA, Jl. Kyai Tambak Deres 292",CV. VICTORY,Pemasok Selang,"5,0",· Jl. Demak Jaya II No.29,(031) 99248054,Gagal,-7.2493022,112.7194825,Aktif,Segera buka · 08.00,Segera buka · 08.00 · Segera buka · 08.00,"VICTORY INDAH PERKASA, Jl. Kyai Tambak Deres 292",Tidak Ditemukan
6207266,"VICTORY INDAH PERKASA, Jl. Kyai Tambak Deres 292",(SIER) Surabaya Industrial Estate Rungkut,Kantor Perusahaan,"4,4",· Jl. Rungkut Industri Raya No.10,(031) 8439981,Gagal,-7.3308334,112.758275,Aktif,Segera buka · 08.00,Segera buka · 08.00 · Segera buka · 08.00,"VICTORY INDAH PERKASA, Jl. Kyai Tambak Deres 292",Tidak Ditemukan
6207341,"SAMUDRA LUAS ABADI, Jl: Margomulyo Permai",PT Samudra Luas Abadi,Distributor Baja,"5,0"," Jl. Pergudangan Margomulyo Permai Blk. B No.07, Lontar, Kec. Sambikerep, Surabaya, Jawa Timur 60182",Gagal,https://www.pt-samudraluasabadi.com/,-7.2455537,112.6849581,Aktif,· Buka pukul 08.30,Gagal,"SAMUDRA LUAS ABADI, Jl: Margomulyo Permai",Ditemukan
6207377,"SABE INDONESIA, Jl. Greges Jaya Ii No. C-9",PT. SABE INDONESIA,Pemasok Bahan Bangunan,"4,4"," Jl. Pergudangan Suri Mulia, Greges, Kec. Asem Rowo, Surabaya, Jawa Timur 60183",Gagal,http://www.sabesteel.com/,-7.2400084,112.693762,Aktif,· Buka pukul 08.00,Gagal,"SABE INDONESIA, Jl. Greges Jaya Ii No. C-9",Ditemukan
6207417,"AND TECHNICAL SERVICES, Jl. Bendul Merisi Indah No. 5",Andtech,Kantor Perusahaan,"4,8"," Jl. Bendul Merisi Indah No.5, Bendul Merisi, Kec. Wonocolo, Surabaya, Jawa Timur 60239",Gagal,http://www.andtech.co.id/,-7.3070505,112.7423179,Aktif,Gagal,Gagal,"AND TECHNICAL SERVICES, Jl. Bendul Merisi Indah No. 5",Ditemukan
6207646,"TEMPRINA MEDIA GRAFIKA, PT, Jl. Karah agung 45 Jambangan Surabaya",PT. Temprina Media Grafika (Packaging),Percetakan Komersial,"4,7"," Jl. Karah Agung No.45, Karah, Kec. Jambangan, Surabaya, Jawa Timur 60232",Gagal,http://www.temprina.com/,-7.3145417,112.7149848,Aktif,· 08.00,Gagal,"TEMPRINA MEDIA GRAFIKA, PT, Jl. Karah agung 45 Jambangan Surabaya",Ditemukan
96674897,"BATIK DEWI SARASWATI, Jemursari Utara 2/19",Dewi Saraswati Batik,Produsen pakaian dan kain,"5,0"," Jl. Jemursari Utara II No.19, Jemur Wonosari, Kec. Wonocolo, Surabaya, Jawa Timur 60237",Gagal,Gagal,-7.324263,112.7347879,Aktif,· Buka pukul 09.00,Gagal,"BATIK DEWI SARASWATI, Jemursari Utara 2/19",Ditemukan
96723598,"PRIMAL SURF INTERNATIONAL, PT, Jl. Margomulyo Permai Iii/ 14B",Primal Surf International - PSI Surfboards,Produsen,"5,0"," Jl. Pergudangan Margomulyo Permai III No.14B, Kelurahan Tambak Sarioso, Kec. Asem Rowo, Surabaya, Jawa Timur 60186",Gagal,http://psisurfboards.com/,-7.2525115,112.687017,Aktif,· Buka pukul 08.00,Gagal,"PRIMAL SURF INTERNATIONAL, PT, Jl. Margomulyo Permai Iii/ 14B",Ditemukan
96900913,"NEW BINTANG APOLLO, PT, Jl. Jambangan 124",PT. New Bintang Apollo,Toko Benang,"4,8"," Jl. Jambangan No.124, Jambangan, Kec. Jambangan, Surabaya, Jawa Timur 60232",Gagal,Gagal,-7.3236119,112.7086006,Aktif,· 08.00,Gagal,"NEW BINTANG APOLLO, PT, Jl. Jambangan 124",Ditemukan
96901705,"PAKABAYA, PT, Jl. Pagesangan 44, Surabaya",Pt. Pakabaya,Tidak ada ulasan,Gagal,Jl. Pagesangan Timur No.44 No. 44,Gagal,Gagal,-7.3362679,112.7088927,Tutup Permanen,Tutup permanen,Gagal,"PAKABAYA, PT, Jl. Pagesangan 44, Surabaya",Ditemukan
96901705,"PAKABAYA, PT, Jl. Pagesangan 44, Surabaya",PT. Pakabaja Korek Api,Produsen,"4,0","· Jl. Pagesangan No. 44, Wonocolo",(031) 8280555,Gagal,-7.3337945,112.7077951,Aktif,Segera buka · 08.00,Segera buka · 08.00 · Segera buka · 08.00,"PAKABAYA, PT, Jl. Pagesangan 44, Surabaya",Tidak Ditemukan
96901705,"PAKABAYA, PT, Jl. Pagesangan 44, Surabaya",P.t. Pakabaja,Gagal,"5,0",Jl. Raya Wisma Pagesangan No.44,Gagal,Gagal,-7.3393039,112.7231034,Aktif,Gagal,Gagal,"PAKABAYA, PT, Jl. Pagesangan 44, Surabaya",Tidak Ditemukan
96910066,"SURYAH TERANG CV, JL RAYA PANJANG JIWO PERMAI 1A / 3",Surya Terang. CV,Distributor Kertas,"4,4"," Kompleks Pertokoan Ruko Delta Permai, Jalan Raya Permai No.3 1A, Panjang Jiwo, Kec. Tenggilis Mejoyo, Surabaya, Jawa Timur 60292",Gagal,Gagal,-7.3103003,112.7654931,Aktif,· 08.00,Gagal,"SURYAH TERANG CV, JL RAYA PANJANG JIWO PERMAI 1A / 3",Ditemukan
96942425,"GAYA SUKSES MANDIRI KASEINDO, Margo Mulyo 63 A",Safeway,Produsen,"4,8"," Jl. Margomulyo No.63A, Greges, Kec. Asem Rowo, Surabaya, Jawa Timur 60183",Gagal,https://safeway.co.id/,-7.2343647,112.6797811,Aktif,· Buka pukul 08.00,Gagal,"GAYA SUKSES MANDIRI KASEINDO, Margo Mulyo 63 A",Ditemukan
96968066,"MOULDING UTAMA SEMESTA, PT, JL. GREGES JAYA II/8-A, SURABAYA",PT. MOULDING UTAMA SEMESTA,Toko Kayu,Gagal," Jl. Greges Indah Bar. II No.8-A, RT.003/RW.01, Greges, Kec. Asem Rowo, Surabaya, Jawa Timur 60183",Gagal,Gagal,-7.2266681,112.6785913,Aktif,· Buka pukul 08.00,Gagal,"MOULDING UTAMA SEMESTA, PT, JL. GREGES JAYA II/8-A, SURABAYA",Ditemukan
96973803,"INDUSTRI MEBEL, JL MASJID NO 18-22",Orchid Meubel,Toko Mebel,"4,2",· Jl. Sisingamangaraja No.15,(031) 8964881,Gagal,-7.4544424,112.7163507,Aktif,Tutup,· Jl. Sisingamangaraja No.15 · Jl. Sisingamangaraja No.15,"INDUSTRI MEBEL, JL MASJID NO 18-22",Ditemukan
96973803,"INDUSTRI MEBEL, JL MASJID NO 18-22",Toko Mebel Sumber Jaya,Toko Mebel,"4,7",· Jl. Raya Suko Jl. Raya Cemeng Kalang No.50,0816-4293-991,Gagal,-7.4447491,112.6818882,Aktif,Tutup,Tutup · Buka pukul 09.00 · Tutup · Buka pukul 09.00,"INDUSTRI MEBEL, JL MASJID NO 18-22",Tidak Ditemukan
96973803,"INDUSTRI MEBEL, JL MASJID NO 18-22",Industri interior,Toko Sofa,"5,0","· Jalan Banjarsugihan Gang 4B No.14 Banjar Sugihan Gg 4b no 14 Kecamatan Tandes Banjarsugihan Gg4b no 14, Jl. Banjarsugihan Gg. 4B No.21",0851-0077-0240,Gagal,-7.2540305,112.6552797,Aktif,Tutup,"· Jalan Banjarsugihan Gang 4B No.14 Banjar Sugihan Gg 4b no 14 Kecamatan Tandes Banjarsugihan Gg4b no 14, Jl. Banjarsugihan Gg. 4B No.21 · Jalan Banjarsugihan Gang 4B No.14 Banjar Sugihan Gg 4b no 14 Kecamatan Tandes Banjarsugihan Gg4b no 14, Jl. Banjarsugihan Gg. 4B No.21","INDUSTRI MEBEL, JL MASJID NO 18-22",Tidak Ditemukan
96973803,"INDUSTRI MEBEL, JL MASJID NO 18-22",Mebel teknik industri adi,Tidak ada ulasan,Gagal,Gagal,0822-4415-5217,Gagal,-7.4911701,112.6994082,Aktif,Tutup,· Ruko mulyo RT 12 RW 02 Sambiroto · Ruko mulyo RT 12 RW 02 Sambiroto,"INDUSTRI MEBEL, JL MASJID NO 18-22",Tidak Ditemukan
96973803,"INDUSTRI MEBEL, JL MASJID NO 18-22",IKEA - Ciputra World,Bersponsor,"4,6",· No.89 Jalan Mayjen Sungkono,(021) 29853900,Gagal,-7.292546,112.718759,Aktif,Tutup,Tutup · Buka pukul 10.00 · Tutup · Buka pukul 10.00,"INDUSTRI MEBEL, JL MASJID NO 18-22",Tidak Ditemukan
96976896,"SURYA INDAH (GARMEN), CV, JL. KENJERAN 476",CV. Surya Indah Perkasa,Toko,"4,5",· Jl. Kembang Jepun No.61,(031) 3538489,Gagal,-7.2378451,112.7422318,Aktif,Tutup,Tutup · Buka pukul 08.30 · Tutup · Buka pukul 08.30,"SURYA INDAH (GARMEN), CV, JL. KENJERAN 476",Ditemukan
96976896,"SURYA INDAH (GARMEN), CV, JL. KENJERAN 476",PT.Surya Indah Cakrawala,Perusahaan Ekspedisi,"3,9",· Jl. Sidorame No.22,(031) 3762696,Gagal,-7.2281644,112.7502144,Aktif,Segera buka · 08.00,· Jl. Sidorame No.22 · Jl. Sidorame No.22,"SURYA INDAH (GARMEN), CV, JL. KENJERAN 476",Tidak Ditemukan
96976896,"SURYA INDAH (GARMEN), CV, JL. KENJERAN 476",Surya Indah. UD,Grosir Kain,"4,8","· JL. Kapasan, No. 169-E, Kapasan, Simokerto",(031) 3718836,Gagal,-7.2390484,112.7465472,Aktif,Tutup,Tutup · Buka pukul 09.00 · Tutup · Buka pukul 09.00,"SURYA INDAH (GARMEN), CV, JL. KENJERAN 476",Tidak Ditemukan
96976896,"SURYA INDAH (GARMEN), CV, JL. KENJERAN 476",Ekspedisi Surya Indah,Layanan Transportasi,"3,7",Gagal,Gagal,Gagal,-7.2323832,112.6737494,Aktif,Gagal,Gagal,"SURYA INDAH (GARMEN), CV, JL. KENJERAN 476",Tidak Ditemukan
96976896,"SURYA INDAH (GARMEN), CV, JL. KENJERAN 476",PT Surya Indah Cakrawala,Perusahaan Ekspedisi,"4,5",· Jalan Semut Baru Ruko Pengampon Square A12 - A15,(031) 3556867,Gagal,-7.2442808,112.7433495,Aktif,Segera buka · 08.00,· Jalan Semut Baru Ruko Pengampon Square A12 - A15 · Jalan Semut Baru Ruko Pengampon Square A12 - A15,"SURYA INDAH (GARMEN), CV, JL. KENJERAN 476",Tidak Ditemukan
96977968,"INFO GLOBAL, PT, JL. DINOYO 109",Infoglobal Defense,Kantor Perusahaan,"4,9"," Jl. Dinoyo No.109, Keputran, Kec. Tegalsari, Surabaya, Jawa Timur 60265",Gagal,https://www.infoglobal.co.id/,-7.2847828,112.7437935,Aktif,· 08.00,Gagal,"INFO GLOBAL, PT, JL. DINOYO 109",Ditemukan
96979337,"BOADCORE INDUSTRI, TMBAK LAMGON INDAH- PERMAI D-18",Blk. D Blok D No.18,Tidak ada ulasan,Gagal,Kec. Sidoarjo,Gagal,Gagal,-7.4491831,112.7299119,Aktif,Gagal,Gagal,"BOADCORE INDUSTRI, TMBAK LAMGON INDAH- PERMAI D-18",Ditemukan
96983860,"PRIMA SARUTAMA WIJAYA, PT, Jl. Tambak Langon Indah No. 4 ,",Prima Sarutama Wijaya,Tidak ada ulasan,Gagal,Jl. Tambak Langon Indah No.4,Gagal,Gagal,-7.230369,112.664376,Aktif,Gagal,Jl. Tambak Langon Indah No.4 · Jl. Tambak Langon Indah No.4,"PRIMA SARUTAMA WIJAYA, PT, Jl. Tambak Langon Indah No. 4 ,",Ditemukan
96983860,"PRIMA SARUTAMA WIJAYA, PT, Jl. Tambak Langon Indah No. 4 ,",Prima Sarutama Wijaya. PT,Tidak ada ulasan,Gagal,"· Dukuh Kupang Tim. X-A No.33 A 002, RT.002/RW.08",(031) 7494641,Gagal,-7.2830659,112.721968,Aktif,Gagal,Gagal,"PRIMA SARUTAMA WIJAYA, PT, Jl. Tambak Langon Indah No. 4 ,",Tidak Ditemukan
96987595,"GUNUNG KELUD , UD, Jl. Kedung Doro No. 28 ,",PT.GUNUNG KELUD WISESA,Biro Perjalanan dan Wisata,"4,6"," Jl. Kedung Doro No.28, Sawahan, Kec. Sawahan, Surabaya, Jawa Timur 60251",Gagal,http://www.gunungkelud.com/,-7.2605515,112.7295495,Aktif,· 08.00,Gagal,"GUNUNG KELUD , UD, Jl. Kedung Doro No. 28 ,",Ditemukan
97000194,"KAIROS LOGAM MAKMUR, PT, Jl. Margomulyo 44 Jj/14",PT. KAIROS LOGAM MAKMUR,Pemasok Aluminium,"4,3"," Jl. Pergudangan Suri Mulia No.14 Block 44 JJ No, Greges, Kec. Asem Rowo, Surabaya, Jawa Timur 60183",Gagal,Gagal,-7.2408183,112.6948295,Aktif,· Buka pukul 08.00,Gagal,"KAIROS LOGAM MAKMUR, PT, Jl. Margomulyo 44 Jj/14",Ditemukan
97733633,"MEBEL SINAR LAKSANA JAYA, Jl. Masjid No.18 Prapen / Jl. Masjid 11",MEBEL SINAR JAYA,Pabrikan mebel,"1,0",· Jl. Raya Pandugo No.202,0857-3165-2777,Gagal,-7.3192904,112.7966893,Tutup,· Tutup pukul 20.00,Buka · Tutup pukul 20.00 · Buka · Tutup pukul 20.00,"MEBEL SINAR LAKSANA JAYA, Jl. Masjid No.18 Prapen / Jl. Masjid 11",Ditemukan
97733633,"MEBEL SINAR LAKSANA JAYA, Jl. Masjid No.18 Prapen / Jl. Masjid 11",Rumah Makan Laksana Jaya II,Jawa Timur,"4,4",· Jl. Krembangan Timur No.32A,(031) 3551016,Gagal,-7.235952,112.7348277,Tutup,· Tutup pukul 20.00,Buka · Tutup pukul 20.00 · Buka · Tutup pukul 20.00,"MEBEL SINAR LAKSANA JAYA, Jl. Masjid No.18 Prapen / Jl. Masjid 11",Tidak Ditemukan
97733633,"MEBEL SINAR LAKSANA JAYA, Jl. Masjid No.18 Prapen / Jl. Masjid 11",UD Selatan Jaya,Grosir Perlengkapan Rumah Tangga,"4,5",· Jl. Songoyudan No.31-33B,0813-3135-1580,Gagal,-7.2383129,112.7405794,Aktif,Tutup,Tutup · Buka Sab pukul 09.00 · Tutup · Buka Sab pukul 09.00,"MEBEL SINAR LAKSANA JAYA, Jl. Masjid No.18 Prapen / Jl. Masjid 11",Tidak Ditemukan
97733633,"MEBEL SINAR LAKSANA JAYA, Jl. Masjid No.18 Prapen / Jl. Masjid 11",Sinar jaya barokah,Toko Elektronik,"5,0",Gagal,0838-3049-0922,Gagal,-7.2240681,112.7389323,Aktif,Tutup,"· QPGQ+9HF, Benteng Dalam II · QPGQ+9HF, Benteng Dalam II","MEBEL SINAR LAKSANA JAYA, Jl. Masjid No.18 Prapen / Jl. Masjid 11",Tidak Ditemukan
97733633,"MEBEL SINAR LAKSANA JAYA, Jl. Masjid No.18 Prapen / Jl. Masjid 11",IKEA - Ciputra World,Bersponsor,"4,6",· No.89 Jalan Mayjen Sungkono,(021) 29853900,Gagal,-7.292546,112.718759,Aktif,Tutup,Tutup · Buka pukul 10.00 · Tutup · Buka pukul 10.00,"MEBEL SINAR LAKSANA JAYA, Jl. Masjid No.18 Prapen / Jl. Masjid 11",Tidak Ditemukan
98060773,"INDOREKA, PT, Jl. Raya Tenggilis R.27,",Indoreka Busana Makmur. PT,Toko Alat Sulam,"5,0",· Jl. Raya Tenggilis Mejoyo No.22-20,(031) 8413207,Gagal,-7.3222252,112.7614114,Aktif,Tutup,Tutup · Buka pukul 08.00 · Tutup · Buka pukul 08.00,"INDOREKA, PT, Jl. Raya Tenggilis R.27,",Ditemukan
98060773,"INDOREKA, PT, Jl. Raya Tenggilis R.27,",Apotek Saba,Apotek,"2,6",· Jl. Raya Tenggilis R No.18,(031) 8419762,Gagal,-7.3199409,112.7534048,Tutup,· Tutup pukul 21.30,Buka · Tutup pukul 21.30 · Buka · Tutup pukul 21.30,"INDOREKA, PT, Jl. Raya Tenggilis R.27,",Tidak Ditemukan
98060773,"INDOREKA, PT, Jl. Raya Tenggilis R.27,",Pt. Indoreka Duta Multi Sukses,Tidak ada ulasan,Gagal,Jl. Bypass Krian No.136,Gagal,Gagal,-7.4009965,112.5730106,Aktif,Gagal,Gagal,"INDOREKA, PT, Jl. Raya Tenggilis R.27,",Tidak Ditemukan
98060773,"INDOREKA, PT, Jl. Raya Tenggilis R.27,",INDOREKA DUTA MULTISUKSES,Penyedia peralatan listrik,"5,0","· alamat baru : Ruko Citra Harmoni City Center Blok TC.27, Jl. Raya Trosobo No.Km 19",(031) 99780007,Gagal,-7.3754848,112.6391724,Aktif,Tutup,"· alamat baru : Ruko Citra Harmoni City Center Blok TC.27, Jl. Raya Trosobo No.Km 19 · alamat baru : Ruko Citra Harmoni City Center Blok TC.27, Jl. Raya Trosobo No.Km 19","INDOREKA, PT, Jl. Raya Tenggilis R.27,",Tidak Ditemukan
98060773,"INDOREKA, PT, Jl. Raya Tenggilis R.27,",PT Arjuna Utama Kimia (ARUKI),Pabrik Kimia,"4,7",· Jl. Rungkut Industri I No.18-22,(031) 8431646,Gagal,-7.3272808,112.7577259,Aktif,Tutup,Tutup · Buka pukul 08.00 · Tutup · Buka pukul 08.00,"INDOREKA, PT, Jl. Raya Tenggilis R.27,",Tidak Ditemukan
98060779,"MORO DADI, UD, Jl. Karang Asem Xiv/80 ,",Moro Dadi. UD,Toko,"4,5","· JL. Simokerto, No. 80, 60143",(031) 3714344,Gagal,-7.2384174,112.7536247,Aktif,Segera buka · 08.00,Segera buka · 08.00 · Segera buka · 08.00,"MORO DADI, UD, Jl. Karang Asem Xiv/80 ,",Ditemukan
98060779,"MORO DADI, UD, Jl. Karang Asem Xiv/80 ,","Morodadi Gas, CV",Kantor Perusahaan,"4,2","· Jl. Kenjeran No.470, RT.001/RW.14",0851-0091-4328,Gagal,-7.2492345,112.781592,Aktif,Segera buka · 08.00,Segera buka · 08.00 · Segera buka · 08.00,"MORO DADI, UD, Jl. Karang Asem Xiv/80 ,",Tidak Ditemukan
98060779,"MORO DADI, UD, Jl. Karang Asem Xiv/80 ,",UD. Moro Dadi,Tidak ada ulasan,Gagal,· Jl. Rungkut Harapan Blk. C Blok K No.3,(031) 8412939,Gagal,-7.3245482,112.7776788,Aktif,Gagal,Gagal,"MORO DADI, UD, Jl. Karang Asem Xiv/80 ,",Tidak Ditemukan
98060779,"MORO DADI, UD, Jl. Karang Asem Xiv/80 ,",CV. Moro Dadi,Kantor Perusahaan,"5,0","· Pergudangan JJ Permata Jabon, Blk. A, RW.10",0831-1112-1250,Gagal,-7.3627231,112.7889813,Aktif,Segera buka · 08.00,Segera buka · 08.00 · Segera buka · 08.00,"MORO DADI, UD, Jl. Karang Asem Xiv/80 ,",Tidak Ditemukan
98060779,"MORO DADI, UD, Jl. Karang Asem Xiv/80 ,",Dadi Laris. UD,Produsen makanan,"4,4","· Jl. Rangkah I No.103, RT.003/RW.07",0822-5002-0062,Gagal,-7.2437819,112.7615202,Aktif,Tutup,Tutup · Buka pukul 08.30 · Tutup · Buka pukul 08.30,"MORO DADI, UD, Jl. Karang Asem Xiv/80 ,",Tidak Ditemukan
98060866,"ADI SAPUTRA UCP, Jl. Kedung Cowek 177, Surabaya",Adi Saputra Ucp,Pabrik Baja,"3,7"," Jl. Kedung Cowek No.177, Tanah Kali Kedinding, Kec. Bulak, Surabaya, Jawa Timur 60124",Gagal,Gagal,-7.2337504,112.7690133,Aktif,· Buka pukul 08.00,Gagal,"ADI SAPUTRA UCP, Jl. Kedung Cowek 177, Surabaya",Ditemukan
98060892,"MEUBEL FURNITUR NASRUDIN, Jl. Nambangan 128, Surabaya,",ANUGERAH FURNITURE SURABAYA,Toko Mebel,"4,7",· Jl. Kenjeran No.610,0821-4331-7250,Gagal,-7.2525708,112.7931423,Aktif,Tutup,Tutup · Buka pukul 09.00 · Tutup · Buka pukul 09.00,"MEUBEL FURNITUR NASRUDIN, Jl. Nambangan 128, Surabaya,",Ditemukan
98060892,"MEUBEL FURNITUR NASRUDIN, Jl. Nambangan 128, Surabaya,",Murah Mebel Surabaya,Toko Mebel,"4,6",· Jl. Raya Rungkut Menanggal No.23B,Gagal,Gagal,-7.3382071,112.7684811,Aktif,Tutup,Tutup · Buka pukul 09.00 · Tutup · Buka pukul 09.00,"MEUBEL FURNITUR NASRUDIN, Jl. Nambangan 128, Surabaya,",Tidak Ditemukan
98060892,"MEUBEL FURNITUR NASRUDIN, Jl. Nambangan 128, Surabaya,",KENJERAN MEUBEL,Toko Mebel Kamar Tidur,"4,4",· Blk. N - O Jl. Kapas Krampung No.94,(031) 5054279,Gagal,-7.2490946,112.7593103,Aktif,Tutup,· Blk. N - O Jl. Kapas Krampung No.94 · Blk. N - O Jl. Kapas Krampung No.94,"MEUBEL FURNITUR NASRUDIN, Jl. Nambangan 128, Surabaya,",Tidak Ditemukan
98060892,"MEUBEL FURNITUR NASRUDIN, Jl. Nambangan 128, Surabaya,",IKEA - Ciputra World,Bersponsor,"4,6",· No.89 Jalan Mayjen Sungkono,(021) 29853900,Gagal,-7.292546,112.718759,Aktif,Tutup,Tutup · Buka pukul 10.00 · Tutup · Buka pukul 10.00,"MEUBEL FURNITUR NASRUDIN, Jl. Nambangan 128, Surabaya,",Tidak Ditemukan
98060892,"MEUBEL FURNITUR NASRUDIN, Jl. Nambangan 128, Surabaya,",Klinik sofa surabaya / Jasa service sofa dan custom sofa,Bersponsor,"4,0",· Jalan Karang Ploso Bangkingan,0822-4512-5936,Gagal,-7.323438,112.657597,Aktif,Tutup,Tutup · Buka pukul 08.00 · Tutup · Buka pukul 08.00,"MEUBEL FURNITUR NASRUDIN, Jl. Nambangan 128, Surabaya,",Tidak Ditemukan
KI35780024,"ENVIRONEER, JL RUNGKUT INDUSTRI III NO.37",PT. Environeer,Bengkel Mesin,"4,7"," Jl. Rungkut Industri III No.37, Rungkut Menanggal, Kec. Gn. Anyar, Surabaya, Jawa Timur 60293",Gagal,http://www.environeer.co.id/,-7.3356821,112.757456,Aktif,· Buka pukul 08.00,Gagal,"ENVIRONEER, JL RUNGKUT INDUSTRI III NO.37",Ditemukan
KI35780075,"RUNGKUT CAHAYA INDUSTRI, PT, JL. RUNGKUT INDUSTRI IV NO. 6",PT Rungkut Cahaya Industri,Perusahaan Pengemasan,"5,0"," Jl. Rungkut Industri IV No.6, Kutisari, Kec. Tenggilis Mejoyo, Surabaya, Jawa Timur 60292",Gagal,Gagal,-7.3332789,112.7502684,Aktif,Gagal,Gagal,"RUNGKUT CAHAYA INDUSTRI, PT, JL. RUNGKUT INDUSTRI IV NO. 6",Ditemukan
KI35780097,"ABADI PELAMPUNG, PT",Abadi Pelampung Mutiara. CV,Toko Alat Listrik,Gagal," Kawasan SIER, JL Rungkut Industri 3, 48, Kali Rungkut, Surabaya, 60293, Kutisari, Tenggilis Mejoyo, Surabaya, East Java 60291",Gagal,Gagal,-7.3312982,112.7488496,Aktif,Gagal,Gagal,"ABADI PELAMPUNG, PT",Ditemukan
16818089,"Steel Pipe Industry Of Indonesia Tbk, PT, DS. Warugunung -Kec. Karangpilang, Surabaya","PT. Steel Pipe Industry Of Indonesia, Tbk",Kantor Perusahaan,"4,4",· Jalan Raya No.10,Gagal,Gagal,-7.4439982,112.6898407,Aktif,Segera buka · 08.00,Segera buka · 08.00 · Segera buka · 08.00,"Steel Pipe Industry Of Indonesia Tbk, PT, DS. Warugunung -Kec. Karangpilang, Surabaya",Ditemukan
16818089,"Steel Pipe Industry Of Indonesia Tbk, PT, DS. Warugunung -Kec. Karangpilang, Surabaya",PT. Steel Pipe Industry Of Indonesia,Pabrik Baja,"4,6",· Jl. Raya Rungkut Industri II No.10,(031) 8439555,Gagal,-7.3251644,112.7593968,Aktif,Segera buka · 08.00,Segera buka · 08.00 · Segera buka · 08.00,"Steel Pipe Industry Of Indonesia Tbk, PT, DS. Warugunung -Kec. Karangpilang, Surabaya",Tidak Ditemukan
16818089,"Steel Pipe Industry Of Indonesia Tbk, PT, DS. Warugunung -Kec. Karangpilang, Surabaya",SPINDO (Steel Pipe Industry Of Indonesia Tbk ) - Head office,Produsen,"4,4",· Jl. Kalibutuh No.189-191,(031) 5320320,Gagal,-7.2548297,112.7191936,Aktif,Segera buka · 08.00,Segera buka · 08.00 · Segera buka · 08.00,"Steel Pipe Industry Of Indonesia Tbk, PT, DS. Warugunung -Kec. Karangpilang, Surabaya",Tidak Ditemukan
16818089,"Steel Pipe Industry Of Indonesia Tbk, PT, DS. Warugunung -Kec. Karangpilang, Surabaya",Pt. Spindo I,Pemasok Pipa,"4,2",· Jl. Rungkut Industri I No.28,(031) 8439503,Gagal,-7.3277084,112.7612294,Aktif,Segera buka · 08.00,Segera buka · 08.00 · Segera buka · 08.00,"Steel Pipe Industry Of Indonesia Tbk, PT, DS. Warugunung -Kec. Karangpilang, Surabaya",Tidak Ditemukan
16818089,"Steel Pipe Industry Of Indonesia Tbk, PT, DS. Warugunung -Kec. Karangpilang, Surabaya",PT. Spindo,Perusahaan Konstruksi,"4,0",· Jl. Raya Mastrip No.860,(031) 7663719,Gagal,-7.3499935,112.6718847,Aktif,Segera buka · 08.00,Segera buka · 08.00 · Segera buka · 08.00,"Steel Pipe Industry Of Indonesia Tbk, PT, DS. Warugunung -Kec. Karangpilang, Surabaya",Tidak Ditemukan
2585790,"STAR NICE, PT, Jl. Manukan Wetan No.60/A-2",AX Aluminium Surabaya,Pemasok Aluminium,"4,9"," Jl. Raya Manukan Wetan No.60 B-20, Manukan Wetan, Tandes, Surabaya, East Java 60185",Gagal,https://mpg.co.id/,-7.2571776,112.6672636,Aktif,· 08.00,Gagal,"STAR NICE, PT, Jl. Manukan Wetan No.60/A-2",Ditemukan
2733755,"INDUSTRI LIFTINDO NUSANTARA, Jl. Raya Manukan 60 Blok E-3",INDUSTRI LIFTINDO NUSANTARA,Tidak ada ulasan,Gagal,"· No.60 Blok E3, Jl. Raya Manukan Kulon No.60 Blok E3",Gagal,Gagal,-7.2546717,112.6702495,Aktif,Segera buka · 08.00,Segera buka · 08.00 · Segera buka · 08.00,"INDUSTRI LIFTINDO NUSANTARA, Jl. Raya Manukan 60 Blok E-3",Ditemukan
2733755,"INDUSTRI LIFTINDO NUSANTARA, Jl. Raya Manukan 60 Blok E-3",Lift dan Escalator,Pabrikan lift,"5,0",· Jl. Raya Manukan Kulon No.60 Blok E-3,(031) 7418687,Gagal,-7.2546718,112.6702494,Aktif,Segera buka · 08.00,Segera buka · 08.00 · Segera buka · 08.00,"INDUSTRI LIFTINDO NUSANTARA, Jl. Raya Manukan 60 Blok E-3",Tidak Ditemukan
2841556,"ASIA KOSMETIK JAYA, JL MULYOSARI TENGAH NO. 97B",UD Megah Jaya,Toko Kosmetik,"4,6",· Jl. Pengampon No.57,(031) 3534838,Gagal,-7.2469017,112.7472557,Aktif,Tutup,· Jl. Pengampon No.57 · Jl. Pengampon No.57,"ASIA KOSMETIK JAYA, JL MULYOSARI TENGAH NO. 97B",Ditemukan
2841556,"ASIA KOSMETIK JAYA, JL MULYOSARI TENGAH NO. 97B",CV. ASIA SKINLAB Pabrik,Industri Kosmetik,"4,5",· Jl. Raya Cangkir No.388 blok A2,(031) 99052786,Gagal,-7.3619623,112.6390847,Aktif,Segera buka · 08.00,Segera buka · 08.00 · Segera buka · 08.00,"ASIA KOSMETIK JAYA, JL MULYOSARI TENGAH NO. 97B",Tidak Ditemukan
2841556,"ASIA KOSMETIK JAYA, JL MULYOSARI TENGAH NO. 97B",CV. ASIA SKINLAB Kantor Pemasaran,Industri Kosmetik,"4,9",Gagal,(031) 7441054,Gagal,-7.2933745,112.6521758,Aktif,Segera buka · 08.00,Segera buka · 08.00 · Segera buka · 08.00,"ASIA KOSMETIK JAYA, JL MULYOSARI TENGAH NO. 97B",Tidak Ditemukan
2841556,"ASIA KOSMETIK JAYA, JL MULYOSARI TENGAH NO. 97B",Akj Aesthetic Center,Klinik Perawatan Kulit,"4,7","· Mulyosari, Jl. Raya Mulyosari Blok PEE-11",0877-0304-1660,Gagal,-7.2605043,112.7953163,Aktif,Tutup,Tutup · Buka pukul 10.00 · Tutup · Buka pukul 10.00,"ASIA KOSMETIK JAYA, JL MULYOSARI TENGAH NO. 97B",Tidak Ditemukan
2841556,"ASIA KOSMETIK JAYA, JL MULYOSARI TENGAH NO. 97B","Jaya Mandiri, CV. - Retail, Distributor, Import & Export, Surabaya, Jawa Timur",Toko Kosmetik,"5,0","· Jl. Kembang Jepun No.127-M, RT.002/RW.01",0857-0498-6119,Gagal,-7.2378554,112.7400711,Aktif,Segera buka · 08.00,Segera buka · 08.00 · Segera buka · 08.00,"ASIA KOSMETIK JAYA, JL MULYOSARI TENGAH NO. 97B",Tidak Ditemukan
2842116,"SEMESTA JAYA ABADI, Komp. Pergudangan Margomulyo Jaya Blok C-28 (Lama : Jl.Sentong Asri Blok C-28)",PT SEMESTA JAYA ABADI BLOK C28,Gudang,Gagal," Lama :, Komp. PERGUDANGAN MARGOMULYO JAYA, Jl. Sentong Asri Blok C-28, Bibis, Kec. Tandes, Surabaya, Jawa Timur 60186",Gagal,Gagal,-7.2521406,112.6734614,Aktif,Gagal,Gagal,"SEMESTA JAYA ABADI, Komp. Pergudangan Margomulyo Jaya Blok C-28 (Lama : Jl.Sentong Asri Blok C-28)",Ditemukan
2889677,"GOLDEN EYE KREATIFINDO, KOMPLEK KLAMPIS MEGAH",Ruko Klampis Megah,Pusat Bisnis,"4,3",· Jalan Klampis Megah Blok A No.31,Gagal,Gagal,-7.2844386,112.7772159,Aktif,Segera buka · 08.00,· Jalan Klampis Megah Blok A No.31 · Jalan Klampis Megah Blok A No.31,"GOLDEN EYE KREATIFINDO, KOMPLEK KLAMPIS MEGAH",Ditemukan
2889677,"GOLDEN EYE KREATIFINDO, KOMPLEK KLAMPIS MEGAH",MerahPutih Barbershop Klampis,Tempat Cukur Rambut,"4,9",· Jl. Arief Rahman Hakim No.18,0851-7510-9332,Gagal,-7.2901592,112.7755846,Aktif,Tutup,Tutup · Buka pukul 10.00 · Tutup · Buka pukul 10.00,"GOLDEN EYE KREATIFINDO, KOMPLEK KLAMPIS MEGAH",Tidak Ditemukan
2889677,"GOLDEN EYE KREATIFINDO, KOMPLEK KLAMPIS MEGAH",Remaja Klampis,Toko Swalayan,"4,4",· Jl. Klampis Jaya,(031) 5996662,Gagal,-7.2853449,112.7760322,Aktif,Segera buka · 08.00,Segera buka · 08.00 · Segera buka · 08.00,"GOLDEN EYE KREATIFINDO, KOMPLEK KLAMPIS MEGAH",Tidak Ditemukan
2889677,"GOLDEN EYE KREATIFINDO, KOMPLEK KLAMPIS MEGAH",Ultra Gaming Rental Playstation,Toko Penyewaan Video Game,"4,6",· Jl. Klampis Jaya No.8D,0822-4581-0932,Gagal,-7.288463,112.775642,Aktif,Tutup,· Jl. Klampis Jaya No.8D · Jl. Klampis Jaya No.8D,"GOLDEN EYE KREATIFINDO, KOMPLEK KLAMPIS MEGAH",Tidak Ditemukan
2889677,"GOLDEN EYE KREATIFINDO, KOMPLEK KLAMPIS MEGAH",Sparks Sports Academy - Surabaya Klampis,Sekolah Olahraga,"5,0","· No.3E-3G, Jl. Klampis Jaya No.RT.05, RW.02",0813-9000-6606,Gagal,-7.2887937,112.7752516,Aktif,Segera buka · 08.00,"· No.3E-3G, Jl. Klampis Jaya No.RT.05, RW.02 · No.3E-3G, Jl. Klampis Jaya No.RT.05, RW.02","GOLDEN EYE KREATIFINDO, KOMPLEK KLAMPIS MEGAH",Tidak Ditemukan
3144368,"SURYAMAS INDAH GEMILANG, JL MARGOMULYO INDAH BLOK C NO 29",Pt Surya Mas Indah Gemilang,Pabrik Plastik,"3,0"," PMVF+R9H, Manukan Wetan, Kec. Tandes, Surabaya, Jawa Timur 60185",Gagal,Gagal,-7.2554393,112.6709241,Aktif,Gagal,Gagal,"SURYAMAS INDAH GEMILANG, JL MARGOMULYO INDAH BLOK C NO 29",Ditemukan
3167618,"MAKMUR MARINA METALINDO, WISMA PERMAI TENGAH 1/AA-8 RT.000 RW.000, MULYOREJO",PT. Makmur Marina Metalindo,Tidak ada ulasan,Gagal,Gagal,0878-5351-7888,Gagal,-2.44565,117.8888,Aktif,Tutup,Tutup · Buka pukul 09.00 · Tutup · Buka pukul 09.00,"MAKMUR MARINA METALINDO, WISMA PERMAI TENGAH 1/AA-8 RT.000 RW.000, MULYOREJO",Ditemukan
3167618,"MAKMUR MARINA METALINDO, WISMA PERMAI TENGAH 1/AA-8 RT.000 RW.000, MULYOREJO",PT. Makmur Marina Metalindo,Tidak ada ulasan,Gagal,· Jl. Arief Rahman Hakim No.51,Gagal,Gagal,-7.2875692,112.7765822,Aktif,Gagal,Gagal,"MAKMUR MARINA METALINDO, WISMA PERMAI TENGAH 1/AA-8 RT.000 RW.000, MULYOREJO",Tidak Ditemukan
3283849,"BON AMI ABADI, JL BABATAN PANTAI UTARA",Bon Ami Bakery Kenjeran,Toko Roti,"4,8"," Jl. Babatan Pantai Ut. No.2 / 3C blok a, Kalijudan, Mulyorejo, Surabaya, East Java 60114",Gagal,http://www.bonami.co.id/link,-7.2531671,112.7867878,Aktif,· Tutup pukul 22.00,Gagal,"BON AMI ABADI, JL BABATAN PANTAI UTARA",Ditemukan
3303405,"BINTANG MAJU MAPAN, JL RAYA GEDANG ASIN",Toko Maju Mapan,Pusat Perbelanjaan,"5,0","· JPC4+QJ6, Jalan Raya, RT.01/RW.01",0877-7599-5758,Gagal,-7.3780813,112.7065121,Aktif,Buka 24 jam,Buka 24 jam · Buka 24 jam,"BINTANG MAJU MAPAN, JL RAYA GEDANG ASIN",Ditemukan
3303405,"BINTANG MAJU MAPAN, JL RAYA GEDANG ASIN",Toko Maju Mapan,Toko Swalayan,"5,0","· Jl. Babatan Pilang Raya No.34, RT.002/RW.05",Gagal,Gagal,-7.31368,112.683549,Tutup,· Tutup pukul 12.00 · Buka kembali pukul 17.00,Buka · Tutup pukul 12.00 · Buka kembali pukul 17.00 · Buka · Tutup pukul 12.00 · Buka kembali pukul 17.00,"BINTANG MAJU MAPAN, JL RAYA GEDANG ASIN",Tidak Ditemukan
3303405,"BINTANG MAJU MAPAN, JL RAYA GEDANG ASIN",TOKO MAJU MAPAN,Tidak ada ulasan,Gagal,Gagal,Gagal,Gagal,-7.424288,112.7199808,Aktif,Gagal,Gagal,"BINTANG MAJU MAPAN, JL RAYA GEDANG ASIN",Tidak Ditemukan
3303405,"BINTANG MAJU MAPAN, JL RAYA GEDANG ASIN",PT. BINTANG MAJU MAPAN | DISTRIBUTOR ROTAN SINTETIS | TALIKOR PLASTIK | JALI-JALI PLASTIK,Pabrik Plastik,"1,5",· Jl. Raya Tandes Lor No.3,0813-3053-5558,Gagal,-7.2595386,112.6887003,Aktif,Tutup,Tutup · Buka pukul 10.00 · Tutup · Buka pukul 10.00,"BINTANG MAJU MAPAN, JL RAYA GEDANG ASIN",Tidak Ditemukan
3303405,"BINTANG MAJU MAPAN, JL RAYA GEDANG ASIN",Maju Mapan,Toko Bahan Bangunan,"4,5","· Ds. Karangandong, RT.03/RW.01",0852-3068-5858,Gagal,-7.3570781,112.5731827,Tutup,· Tutup pukul 04.00,Buka · Tutup pukul 04.00 · Buka · Tutup pukul 04.00,"BINTANG MAJU MAPAN, JL RAYA GEDANG ASIN",Tidak Ditemukan
3323956,"DWI IVAN PANJAYA, Pergudangan Manukan Kulon 60 Blok C No 8",PT. DWI IVAN PANJAYA,Pabrik sepatu,"5,0"," PMV9+JGR, Manukan Kulon, Kec. Tandes, Surabaya, Jawa Timur 60185",Gagal,Gagal,-7.2561129,112.6660445,Aktif,· 08.00,Gagal,"DWI IVAN PANJAYA, Pergudangan Manukan Kulon 60 Blok C No 8",Ditemukan
3700441,"Syaffa Inti Medika, PT, Griya Babatan mukti blok P no 6",Kantor Syaffa,Tidak ada ulasan,Gagal,"· Perumahan, Jl. Griya Babatan Mukti Blok P no 6",(031) 7523926,Gagal,-7.3142537,112.6740864,Tutup Sementara,Tutup sementara,Gagal,"Syaffa Inti Medika, PT, Griya Babatan mukti blok P no 6",Ditemukan
3700441,"Syaffa Inti Medika, PT, Griya Babatan mukti blok P no 6",PT Syaffa Inti Medika,Tidak ada ulasan,Gagal,"· MJGM+XG5, Jl. Randegansari",Gagal,Gagal,-7.3226114,112.6338443,Aktif,Tutup,Tutup · Buka pukul 09.00 · Tutup · Buka pukul 09.00,"Syaffa Inti Medika, PT, Griya Babatan mukti blok P no 6",Tidak Ditemukan
3785725,"TRI MEGAH JAYA ABADI, Wiyung Brantas Permai 6 no. 10",PT.Trikarya Bangun Sarana,Kontraktor,"5,0",· Jl. Wonorejo Selatan No.05,(031) 87853506,Gagal,-7.311641,112.791872,Aktif,Segera buka · 08.00,Segera buka · 08.00 · Segera buka · 08.00,"TRI MEGAH JAYA ABADI, Wiyung Brantas Permai 6 no. 10",Ditemukan
3785725,"TRI MEGAH JAYA ABADI, Wiyung Brantas Permai 6 no. 10",PT. Nusantara Megah Raya,Pengembang Realestat,"4,6","· Jl. Raya Manyar No.24 004, RT.004/RW.02",(031) 5040618,Gagal,-7.2907062,112.7624873,Aktif,Gagal,Gagal,"TRI MEGAH JAYA ABADI, Wiyung Brantas Permai 6 no. 10",Tidak Ditemukan
3785725,"TRI MEGAH JAYA ABADI, Wiyung Brantas Permai 6 no. 10",PT. TIARA ABADI NUSANTARA JAYA,Kantor Perusahaan,"5,0","· Jl. Raya Dupak 63, Ko Mutiara Dupak Blok E-10, Gundih, Bubutan",(031) 5318316,Gagal,-7.2465502,112.7249936,Aktif,Tutup,Tutup · Buka pukul 09.00 · Tutup · Buka pukul 09.00,"TRI MEGAH JAYA ABADI, Wiyung Brantas Permai 6 no. 10",Tidak Ditemukan
3785725,"TRI MEGAH JAYA ABADI, Wiyung Brantas Permai 6 no. 10",PT. Modern Surya Jaya,Kontraktor,"4,3",· Jl. Raya Tenggilis No.26,(031) 8413366,Gagal,-7.3213382,112.7494353,Aktif,Segera buka · 08.00,Segera buka · 08.00 · Segera buka · 08.00,"TRI MEGAH JAYA ABADI, Wiyung Brantas Permai 6 no. 10",Tidak Ditemukan
3785725,"TRI MEGAH JAYA ABADI, Wiyung Brantas Permai 6 no. 10",JOYO ABADI Optik,Toko Optik,"5,0",· Ruko Taman Pondok Indah Blok A 36,0813-8575-7599,Gagal,-7.3139981,112.6978938,Aktif,Tutup,· Ruko Taman Pondok Indah Blok A 36 · Ruko Taman Pondok Indah Blok A 36,"TRI MEGAH JAYA ABADI, Wiyung Brantas Permai 6 no. 10",Tidak Ditemukan
3853203,"PURI PANCA PUJIBANGUN, Jl. Mastrip 70 Karangpilang (Kawasan Industri Wirajatim)",PT Puri Panca Pujibangun,Percetakan Komersial,"4,7"," Karang Pilang, Kec. Karangpilang, Surabaya, Jawa Timur 60221",Gagal,Gagal,-7.3411407,112.6877605,Aktif,· 08.00,Gagal,"PURI PANCA PUJIBANGUN, Jl. Mastrip 70 Karangpilang (Kawasan Industri Wirajatim)",Ditemukan
4032769,"SANKO REMAJA INDONESIA, MARGOMULYO INDAH I BLOK B NO.14, BUNTARAN",Jl. Margomulyo Indah I,Tidak ada ulasan,Gagal,"INDONESIA, MARGOMULYO INDAH I BLOK",Gagal,Gagal,-7.2435455,112.6783274,Aktif,Gagal,Gagal,"SANKO REMAJA INDONESIA, MARGOMULYO INDAH I BLOK B NO.14, BUNTARAN",Ditemukan
4294271,"JAYA SUKSES ABADI, JL.BANJARSUGIHAN NO.45 RT.006 RW.004",Jaya Abadi Toko,Toko,"5,0",· Jl. Raya Balongsari No.28,(031) 7402445,Gagal,-7.2582429,112.6776805,Aktif,Gagal,Gagal,"JAYA SUKSES ABADI, JL.BANJARSUGIHAN NO.45 RT.006 RW.004",Ditemukan
4294271,"JAYA SUKSES ABADI, JL.BANJARSUGIHAN NO.45 RT.006 RW.004",Sukses Jaya Abadi,Tidak ada ulasan,Gagal,· Jl. Amir Machmud No.20,0817-0395-0099,Gagal,-7.3405789,112.7798633,Aktif,Gagal,· Jl. Amir Machmud No.20 · Jl. Amir Machmud No.20,"JAYA SUKSES ABADI, JL.BANJARSUGIHAN NO.45 RT.006 RW.004",Tidak Ditemukan
4294271,"JAYA SUKSES ABADI, JL.BANJARSUGIHAN NO.45 RT.006 RW.004",PT.JAYA ABADI SAKTI TRANS,Perusahaan Truk Ekspedisi,"4,8","· Ruko 21 Klampis, Jl. Arief Rahman Hakim No.51 blok B- 60117",0815-5091-230,Gagal,-7.288472,112.7761209,Aktif,Segera buka · 08.00,"· Ruko 21 Klampis, Jl. Arief Rahman Hakim No.51 blok B- 60117 · Ruko 21 Klampis, Jl. Arief Rahman Hakim No.51 blok B- 60117","JAYA SUKSES ABADI, JL.BANJARSUGIHAN NO.45 RT.006 RW.004",Tidak Ditemukan
4294271,"JAYA SUKSES ABADI, JL.BANJARSUGIHAN NO.45 RT.006 RW.004",CV.Jaya Abadi,Kantor Perusahaan,"5,0","· Blok 2F No.11, Jl. Balongsari Tama",0813-3355-9997,Gagal,-7.2598923,112.6787511,Tutup,· Tutup pukul 17.00,"· Blok 2F No.11, Jl. Balongsari Tama · Blok 2F No.11, Jl. Balongsari Tama","JAYA SUKSES ABADI, JL.BANJARSUGIHAN NO.45 RT.006 RW.004",Tidak Ditemukan
4294271,"JAYA SUKSES ABADI, JL.BANJARSUGIHAN NO.45 RT.006 RW.004",Best Jaya Packaging,Tidak ada ulasan,Gagal,"· Pergudangan Best Jaya, Jalan Raya Manukan Wetan No.24 Blok D8 - 9",(031) 7327368,Gagal,-7.283623,112.699671,Aktif,Segera buka · 08.00,Segera buka · 08.00 · Segera buka · 08.00,"JAYA SUKSES ABADI, JL.BANJARSUGIHAN NO.45 RT.006 RW.004",Tidak Ditemukan
4418311,"SARANA WARNAMEGAH, JL RAYA DUKUH KUPANG",PT. Sarana Warna Megah,Kantor Perusahaan,"4,7"," PP88+WFR, Jl. Raya Dukuh Kupang, Dukuh Kupang, Kec. Dukuhpakis, Surabaya, Jawa Timur 60225",Gagal,Gagal,-7.2826367,112.713576,Aktif,· 08.00,Gagal,"SARANA WARNAMEGAH, JL RAYA DUKUH KUPANG",Ditemukan
4558089,"Indocrane Wahana Solusindo, PT, KEPUTIH TEGAL NO. 29",INDOCRANE,Pabrikan lift,"4,7"," Jl. Keputih Tegal No.29, Keputih, Kec. Sukolilo, Surabaya, Jawa Timur 60111",Gagal,Gagal,-7.293817,112.7992144,Aktif,· 08.00,Gagal,"Indocrane Wahana Solusindo, PT, KEPUTIH TEGAL NO. 29",Ditemukan
6197794,"AUSTEEL INTERNASIONAL METAL, Pergudangan Margomulyo Permai Blok Q No.21",CV. MERCURY,Jasa cetak injeksi plastik,"4,2",· JL Margomulyo Permai Mutiara A No.27,(031) 57485047,Gagal,-7.2467924,112.692146,Aktif,Tutup,Tutup · Buka pukul 09.00 · Tutup · Buka pukul 09.00,"AUSTEEL INTERNASIONAL METAL, Pergudangan Margomulyo Permai Blok Q No.21",Ditemukan
6197794,"AUSTEEL INTERNASIONAL METAL, Pergudangan Margomulyo Permai Blok Q No.21",Pt. Multicapital Sarana Utama,Tidak ada ulasan,Gagal,· Jl. Gunung. Anyar Tambak Utara I No.3,(031) 8792945,Gagal,-7.3332504,112.8001122,Aktif,Gagal,· Jl. Gunung. Anyar Tambak Utara I No.3 · Jl. Gunung. Anyar Tambak Utara I No.3,"AUSTEEL INTERNASIONAL METAL, Pergudangan Margomulyo Permai Blok Q No.21",Tidak Ditemukan
6199416,"INDO METAL FORMING, Margomulyo Indah E2-3",INDO METAL FORMING,Fabrikator logam,"4,4"," Jl. Margomulyo Indah No.E2-3, Buntaran, Kec. Tandes, Surabaya, Jawa Timur 60184",Gagal,Gagal,-7.2465702,112.6670151,Aktif,· 08.00,Gagal,"INDO METAL FORMING, Margomulyo Indah E2-3",Ditemukan
6201171,"PREMIUM PARFUM INDONESIA, Jl. Nginden Semolo 42 B-19",PT PREMIUM PARFUM INDONESIA,Pemasok Produk Kecantikan,"4,8"," Blok Jl. Nginden Semolo No.42 Blok B-17, Nginden Jangkungan, Kec. Sukolilo, Surabaya, Jawa Timur 60118",Gagal,http://www.premiumparfum.com/,-7.3002457,112.7637281,Aktif,· Buka pukul 08.15,Gagal,"PREMIUM PARFUM INDONESIA, Jl. Nginden Semolo 42 B-19",Ditemukan
6206822,"JAYA BAHAGIA, ud, Jl. Wisma Permai Tengah V/Cc-33",Bahagia. UD,Toko Bahan Bangunan,"4,3",· Jl. Pandegiling No.196A,(031) 5313254,Gagal,-7.2761442,112.7366447,Aktif,Gagal,Gagal,"JAYA BAHAGIA, ud, Jl. Wisma Permai Tengah V/Cc-33",Ditemukan
6206822,"JAYA BAHAGIA, ud, Jl. Wisma Permai Tengah V/Cc-33",UD. Bahagia Jaya,Toko Bahan Bangunan,"4,3",· Jl. Raya Klampok No.187,0821-4307-4441,Gagal,-7.2535467,112.4999274,Tutup,· Tutup pukul 16.30,· Jl. Raya Klampok No.187 · Jl. Raya Klampok No.187,"JAYA BAHAGIA, ud, Jl. Wisma Permai Tengah V/Cc-33",Tidak Ditemukan
6206822,"JAYA BAHAGIA, ud, Jl. Wisma Permai Tengah V/Cc-33",UD. BAHAGIA,Toko Bahan Bangunan,"4,5",· Jl. Raya Pradah Indah No.19A,0851-0027-9620,Gagal,-7.2814443,112.6789526,Tutup,· Tutup pukul 17.30,Buka · Tutup pukul 17.30 · Buka · Tutup pukul 17.30,"JAYA BAHAGIA, ud, Jl. Wisma Permai Tengah V/Cc-33",Tidak Ditemukan
6206822,"JAYA BAHAGIA, ud, Jl. Wisma Permai Tengah V/Cc-33",UD Bahagia Baru,Minimarket,"4,8",· Jl. Kembang Jepun No.125,(031) 3523726,Gagal,-7.2375362,112.7405487,Aktif,Tutup,Tutup · Buka pukul 09.00 · Tutup · Buka pukul 09.00,"JAYA BAHAGIA, ud, Jl. Wisma Permai Tengah V/Cc-33",Tidak Ditemukan
6206822,"JAYA BAHAGIA, ud, Jl. Wisma Permai Tengah V/Cc-33",Bahagia. UD,Tidak ada ulasan,Gagal,· Jl. Raya Simo Pomahan No.45-P,(031) 7490268,Gagal,-7.262218,112.7065198,Aktif,Segera buka · 08.00,Segera buka · 08.00 · Segera buka · 08.00,"JAYA BAHAGIA, ud, Jl. Wisma Permai Tengah V/Cc-33",Tidak Ditemukan
6206909,"SLAMET PRAMONO / TRI INDAH JAYA, UD, Jl.Raya Lidah Kulon No.27",Slamet pramono,Layanan Transportasi,Gagal," Rt04, RW.02, Karanggeneng, Sidorejo, Kec. Kenduruan, Kabupaten Tuban, Jawa Timur 62363",Gagal,Gagal,-6.9381387,111.6699502,Aktif,Gagal,Gagal,"SLAMET PRAMONO / TRI INDAH JAYA, UD, Jl.Raya Lidah Kulon No.27",Ditemukan
6207265,"SUKSES BUANA KARYA, Jl. Manukan Kulon No.134",CV. Sukses Buana Karya,Kantor Perusahaan,"5,0"," Jl. Raya Manukan Kulon No.134, Manukan Kulon, Kec. Tandes, Surabaya, Jawa Timur 60185",Gagal,Gagal,-7.2556345,112.6608187,Aktif,· Tutup pukul 16.00,Gagal,"SUKSES BUANA KARYA, Jl. Manukan Kulon No.134",Ditemukan
6207501,"BERKAT SUKSES ABADI, Margomulyo Indah I F39",Cv.BERKAT SUKSES ABADI,Perajin furnitur,"4,7"," Unnamed Road, Greges, Kec. Asem Rowo, Surabaya, Jawa Timur 60183",Gagal,Gagal,-7.2396398,112.6732424,Aktif,· Buka pukul 09.00,Gagal,"BERKAT SUKSES ABADI, Margomulyo Indah I F39",Ditemukan
6207515,"SIMA DELAPAN INDONESIA, Jl. Margomulyo Indah F19",PT Sima Delapan Indonesia,Kantor Perusahaan,"4,6"," Jl. Margo Mulyo Indah No.19 blok F, Greges, Asem Rowo, Surabaya, East Java 60186",Gagal,Gagal,-7.2451169,112.6668897,Aktif,Gagal,Gagal,"SIMA DELAPAN INDONESIA, Jl. Margomulyo Indah F19",Ditemukan
6207523,"INTAKE TEKNOLOGI INDONESIA, PT, Jl. Kalijudan Madya I No. 19-21 (Bagian Belakang Ii/18)",PT. Intake Teknologi Indonesia,Produsen,"5,0"," Jl. Kalijudan Madya II No.18, Kalijudan, Kec. Mulyorejo, Surabaya, Jawa Timur 60134",Gagal,Gagal,-7.250974,112.7803992,Aktif,· 08.00,Gagal,"INTAKE TEKNOLOGI INDONESIA, PT, Jl. Kalijudan Madya I No. 19-21 (Bagian Belakang Ii/18)",Ditemukan
6469550,"Mulya Petra Panelindo, Jl. Margomulyo Indah Blok F-10",PT. Mulya Petra Panelindo,Kantor Perusahaan,"4,8"," Jl. Margomulyo Indah No.F-10, Balongsari, Kec. Tandes, Surabaya, Jawa Timur 60186",Gagal,Gagal,-7.2441509,112.6663671,Aktif,· 08.00,Gagal,"Mulya Petra Panelindo, Jl. Margomulyo Indah Blok F-10",Ditemukan
6472754,"WELLSUN PLASTIC TECHNOLOGY INDONESIA, Jl. Raya Manukan Kulon No. 96-98",PT. Wellsun Plastic Technology Indonesia,Produsen,"3,6"," Jl. Raya Manukan Kulon No.96-98, Manukan Kulon, Kec. Tandes, Surabaya, Jawa Timur 60185",Gagal,https://wellsunplastic.mystrikingly.com/,-7.2553779,112.6628419,Aktif,· 08.00,Gagal,"WELLSUN PLASTIC TECHNOLOGY INDONESIA, Jl. Raya Manukan Kulon No. 96-98",Ditemukan
6703011,"Berkarya Putra Inovasi, PT, Jl. Mleto No. 42 D",PT BERKARYA,Komplek perumahan,Gagal," Jl. Klampis Indah VI Blok E29A, Klampis Ngasem, Sukolilo, Surabaya, East Java 60117",Gagal,Gagal,-7.292411,112.7737911,Aktif,Gagal,Gagal,"Berkarya Putra Inovasi, PT, Jl. Mleto No. 42 D",Ditemukan
96759798,"SURABAYA MEKA BOX UNIT KALENG, PT, Jl. Kemayoran Baru No.86, Kemayoran, Kec. Krembangan, Surabaya, Jawa Timur 60176",Surabaya Meka Box. PT,Pemasok Peralatan Industri,"3,0"," Jl. Kemayoran Baru No.86, Kemayoran, Kec. Krembangan, Surabaya, Jawa Timur 60176",Gagal,Gagal,-7.2421772,112.7271854,Aktif,· Buka pukul 09.00,Gagal,"SURABAYA MEKA BOX UNIT KALENG, PT, Jl. Kemayoran Baru No.86, Kemayoran, Kec. Krembangan, Surabaya, Jawa Timur 60176",Ditemukan
96851467,"PERURI WIRA TIMUR, PT, A YANI 119",Perum Percetakan Uang Republik Indonesia (Perum Peruri) Divisi Timur,Pemasok Sistem Keamanan,"3,7"," Jl. Ahmad Yani No.119, Jemur Wonosari, Kec. Wonocolo, Surabaya, Jawa Timur 60235",Gagal,Gagal,-7.3244435,112.7301175,Aktif,Gagal,Gagal,"PERURI WIRA TIMUR, PT, A YANI 119",Ditemukan
96868405,"WAHANA WIRAWAN, Jl. A Yani No. 248",NISSAN SURABAYA,Dealer Nissan,"4,6",· Jl. Ahmad Yani No.248,(031) 8274300,Gagal,-7.337034,112.728932,Aktif,Tutup,Tutup · Buka pukul 08.30 · Tutup · Buka pukul 08.30,"WAHANA WIRAWAN, Jl. A Yani No. 248",Ditemukan
96868405,"WAHANA WIRAWAN, Jl. A Yani No. 248",Bengkel Citroen Jeep Ahmad Yani Surabaya,Bengkel Mobil,"4,9",· Jl. Ahmad Yani No.248,0813-1528-9492,Gagal,-7.3368458,112.7288746,Aktif,Tutup,Tutup · Buka pukul 08.30 · Tutup · Buka pukul 08.30,"WAHANA WIRAWAN, Jl. A Yani No. 248",Tidak Ditemukan
96868405,"WAHANA WIRAWAN, Jl. A Yani No. 248",Citroën Experience Center Ahmad Yani,Dealer mobil,"4,6",· Jl. Ahmad Yani No.248,(031) 8274300,Gagal,-7.337156,112.7288579,Aktif,Tutup,Tutup · Buka pukul 08.30 · Tutup · Buka pukul 08.30,"WAHANA WIRAWAN, Jl. A Yani No. 248",Tidak Ditemukan
96868405,"WAHANA WIRAWAN, Jl. A Yani No. 248",Dealer Nissan Datsun Jemursari,Dealer Nissan,"4,7",· Jl. Raya Jemursari No.335 - 337,(031) 8492299,Gagal,-7.3099067,112.7584237,Tutup,· Tutup pukul 16.30,Buka · Tutup pukul 16.30 · Buka · Tutup pukul 16.30,"WAHANA WIRAWAN, Jl. A Yani No. 248",Tidak Ditemukan
96904656,"SURYA STEEL ABADI, PT, Jl. Raya Pakal No.35",PT Surya Steel,Pabrik stiker,"4,6"," Jl. Raya Pakal Surabaya No.35, Pakal, Kec. Pakal, Surabaya, Jawa Timur 60196",Gagal,Gagal,-7.2366703,112.6147123,Aktif,· Tutup pukul 16.00,Gagal,"SURYA STEEL ABADI, PT, Jl. Raya Pakal No.35",Ditemukan
96915365,"WISMILAK INTI MAKMUR TBK, PT, Jl. Buntaran 9A",Wismilak Inti Makmur,Kantor Perusahaan,"4,5"," Jl. Buntaran No.9A, Manukan Wetan, Kec. Tandes, Surabaya, Jawa Timur 60184",Gagal,http://www.wismilakfilter.com/,-7.2517426,112.6706006,Aktif,· 08.00,Gagal,"WISMILAK INTI MAKMUR TBK, PT, Jl. Buntaran 9A",Ditemukan
96942616,"SUPLIER KERANGKA ATAP, BABATAN MUKTI F-17",CV. GEMILANG CAHAYA SEMESTA,Toko Bahan Bangunan,"5,0"," Heavenland Park Golden Gate T-22, Kec. Candi, Kabupaten Sidoarjo, Jawa Timur 61271",Gagal,https://www.gemilangcahayasemesta.com/,-7.4846927,112.7226686,Aktif,· 08.00,Gagal,"SUPLIER KERANGKA ATAP, BABATAN MUKTI F-17",Ditemukan
96942787,"SUPARMA TBK, PT, MASTRIP NO 856 WARUGUNUNG , JL",PM 8 PT SUPARMATBK,Produsen,"5,0"," Jl. Raya Mastrip No.13, RT.005/RW.01, Warugunung, Kec. Karangpilang, Surabaya, Jawa Timur 60221",Gagal,Gagal,-7.3499466,112.6708377,Aktif,Gagal,Gagal,"SUPARMA TBK, PT, MASTRIP NO 856 WARUGUNUNG , JL",Ditemukan
96957142,"CV DIAMATRA PERSADA, cv. diamatra persadaJl, Jl. Medokan Keputih No.a12-a14, Keputih, Kec. Sukolilo, Surabaya, Jawa Timur 60111",Cv. Diamatra Persada,Kantor Perusahaan,"5,0"," cv. diamatra persadaJl, Jl. Medokan Keputih No.a12-a14, Keputih, Kec. Sukolilo, Surabaya, Jawa Timur 60111",Gagal,Gagal,-7.2999724,112.7975031,Aktif,Gagal,Gagal,"CV DIAMATRA PERSADA, cv. diamatra persadaJl, Jl. Medokan Keputih No.a12-a14, Keputih, Kec. Sukolilo, Surabaya, Jawa Timur 60111",Ditemukan
96967673,"PELITA GUNATAMA PERSADA, PT, Jl. Margomulyo Indah B-32,",PT. Pelita Gunatama Persada,Kantor Perusahaan,"4,5"," Jl. Buntaran No.148, Manukan Wetan, Kec. Tandes, Surabaya, Jawa Timur 60184",Gagal,Gagal,-7.2498345,112.6705912,Aktif,· 08.00,Gagal,"PELITA GUNATAMA PERSADA, PT, Jl. Margomulyo Indah B-32,",Ditemukan
96977178,"ALINDEX, PT, Jl. KaliJUdan Madya I/11-15",Alindexbox. PT,Toko Perlengkapan Pengepakan,"4,6","· JL. Kalijudan Madya I 11-15, Kaliyudan, Mulyorejo, Surabaya, 60114",(031) 3821584,Gagal,-7.2505403,112.7830342,Aktif,Tutup,Tutup · Buka pukul 08.30 · Tutup · Buka pukul 08.30,"ALINDEX, PT, Jl. KaliJUdan Madya I/11-15",Ditemukan
96977178,"ALINDEX, PT, Jl. KaliJUdan Madya I/11-15","Alinda, PT (Alindexbox, PT",Tidak ada ulasan,Gagal,· Jl. Kaliyudan Madya I%2F11-15 Kalijudan Mulyorejo Surabaya Jawa Timur,(031) 361904,Gagal,-7.2701012,112.7806696,Tutup Permanen,Tutup permanen,Gagal,"ALINDEX, PT, Jl. KaliJUdan Madya I/11-15",Tidak Ditemukan
96977378,"SENTOSA ADI MAKMUR, PT, Margomulyo Indah B6 No.18",PT.Sentosa Adi Makmur (SAM),Kantor Perusahaan,"5,0"," Jl. Margomulyo Indah IV B No.18, Buntaran, Kec. Tandes, Surabaya, Jawa Timur 60184",Gagal,Gagal,-7.2484544,112.6685536,Aktif,Gagal,Gagal,"SENTOSA ADI MAKMUR, PT, Margomulyo Indah B6 No.18",Ditemukan
96978105,"HAPETE, PT, Jl. Margomulyo Indah No. 18-A,",PT. Hapete,Produsen,"4,7"," Jl. Margomulyo Indah No.18A, Buntaran, Kec. Tandes, Surabaya, Jawa Timur 60184",Gagal,https://hapete.com/,-7.2468308,112.6714934,Aktif,· 08.00,Gagal,"HAPETE, PT, Jl. Margomulyo Indah No. 18-A,",Ditemukan
96983546,"KAYAN JAYA TANJUNG, PT, Jl. Margomulyo Indah Ib/18-22",PT. Kayan Jaya Tanjung,Kantor Perusahaan,"3,5"," Jl. Margomulyo Indah No.18-22, Greges, Kec. Tandes, Surabaya, Jawa Timur 60186",Gagal,Gagal,-7.2441654,112.6740704,Aktif,· Tutup pukul 16.30,Gagal,"KAYAN JAYA TANJUNG, PT, Jl. Margomulyo Indah Ib/18-22",Ditemukan
96983767,"Pt Sumber Rejeki Varia, Jl Margomulyo Indah Blok A No.16C",PT Sumber Rejeki Varia,Kantor Perusahaan,"3,9"," Jl. Margomulyo Indah No.16C Blok a No, Buntaran, Kec. Tandes, Surabaya, Jawa Timur 60184",Gagal,Gagal,-7.2483712,112.6721172,Aktif,Gagal,Gagal,"Pt Sumber Rejeki Varia, Jl Margomulyo Indah Blok A No.16C",Ditemukan
96986285,"HAWI BAJA, PT, Margomulyo Indah Blok F Kav 11",PT Baja Tehnik Rekatama,Jasa Sandblasting,"4,9",· Jl. Margomulyo Indah No.2A Blok C,0811-3050-439,Gagal,-7.2516182,112.6658662,Aktif,Segera buka · 08.00,Segera buka · 08.00 · Segera buka · 08.00,"HAWI BAJA, PT, Margomulyo Indah Blok F Kav 11",Ditemukan
96986285,"HAWI BAJA, PT, Margomulyo Indah Blok F Kav 11",PT. Anugrah Inti Makmur,Perusahaan Pengemasan,"5,0",· Jalan Margomulyo Indah F No.18,0887-0700-9000,Gagal,-7.2448767,112.6695747,Aktif,Segera buka · 08.00,Segera buka · 08.00 · Segera buka · 08.00,"HAWI BAJA, PT, Margomulyo Indah Blok F Kav 11",Tidak Ditemukan
96986285,"HAWI BAJA, PT, Margomulyo Indah Blok F Kav 11",Margomulyo Jaya C15,Gudang,"4,7",Gagal,Gagal,Gagal,-7.2520579,112.6773929,Aktif,Gagal,Gagal,"HAWI BAJA, PT, Margomulyo Indah Blok F Kav 11",Tidak Ditemukan
96986285,"HAWI BAJA, PT, Margomulyo Indah Blok F Kav 11",Orchid,Tidak ada ulasan,Gagal,· Margomulyo Jaya No.15-16 Blok C,(031) 7496025,Gagal,-7.2523394,112.6772361,Aktif,Gagal,Gagal,"HAWI BAJA, PT, Margomulyo Indah Blok F Kav 11",Tidak Ditemukan
96986676,"ARDANA KARUNA DELTA PT, KLAMPIS SEMOLO TIMUR 12 NO 7 C",Pt Ardana Karuna Delta,Gagal,Gagal," Jl. Klampis Semolo Timur XII No.7C, Semolowaru, Kec. Sukolilo, Surabaya, Jawa Timur 60119",Gagal,Gagal,-7.2990586,112.7785361,Aktif,Gagal,Gagal,"ARDANA KARUNA DELTA PT, KLAMPIS SEMOLO TIMUR 12 NO 7 C",Ditemukan
96989443,"SURYA PUTRA BARUTAMA,PT, JL. Raya Kedurus, No. 23, Kedurus, Karangpilang, 60223, Kedurus, Kec. Karangpilang, Surabaya, Jawa Timur 60223",PT. Surya Putra Barutama,Dealer Truk,"4,4"," JL. Raya Kedurus, No. 23, Kedurus, Karangpilang, 60223, Kedurus, Kec. Karangpilang, Surabaya, Jawa Timur 60223",Gagal,http://spb-autobody.co.id/home.php,-7.3154967,112.7071581,Aktif,· 08.00,Gagal,"SURYA PUTRA BARUTAMA,PT, JL. Raya Kedurus, No. 23, Kedurus, Karangpilang, 60223, Kedurus, Kec. Karangpilang, Surabaya, Jawa Timur 60223",Ditemukan
97000801,"SENTRAL BAHANA EKATAMA PT, RAYA MANUKAN KULON 90-100",PT. Wellsun Plastic Technology Indonesia,Produsen,"3,6"," Jl. Raya Manukan Kulon No.96-98, Manukan Kulon, Kec. Tandes, Surabaya, Jawa Timur 60185",Gagal,https://wellsunplastic.mystrikingly.com/,-7.2552986,112.6625556,Aktif,· 08.00,Gagal,"SENTRAL BAHANA EKATAMA PT, RAYA MANUKAN KULON 90-100",Ditemukan
97002736,"THAMARGA JAYA SEJAHTERA, PT, Jl. Hr Muhammad 151 Dukuh Pakis",PT. Thamarga Jaya Sejahtera,Produsen,"5,0"," Jl. Mayjen HR. Muhammad No.151, Pradahkalikendal, Kec. Dukuhpakis, Surabaya, Jawa Timur 60226",Gagal,Gagal,-7.2837939,112.6868945,Aktif,Gagal,Gagal,"THAMARGA JAYA SEJAHTERA, PT, Jl. Hr Muhammad 151 Dukuh Pakis",Ditemukan
98060759,"SUMBER MAS, Jl. Lidah Wetan No.24 ,",Pabrik Sumber Mas,Toko Sepatu,"5,0",· Jl. Lidah Wetan Tengah No.24,(031) 7532900,Gagal,-7.3058011,112.6647309,Tutup,· Tutup pukul 17.00,Buka · Tutup pukul 17.00 · Buka · Tutup pukul 17.00,"SUMBER MAS, Jl. Lidah Wetan No.24 ,",Ditemukan
98060759,"SUMBER MAS, Jl. Lidah Wetan No.24 ,",UD. Sumber Mas,Produsen,"5,0",· Jl. Raya Lidah Wetan Jl. Raya Wiyung No.24,(031) 7532900,Gagal,-7.3085048,112.6728958,Aktif,Gagal,Gagal,"SUMBER MAS, Jl. Lidah Wetan No.24 ,",Tidak Ditemukan
